{
    "geometries": [{
        "materials": [{
            "specularCoef": 50,
            "depthWrite": true,
            "depthTest": true,
            "colorEmissive": [0,0,0],
            "colorAmbient": [0.690196,0.690196,0.690196],
            "opacity": 1,
            "blending": "NormalBlending",
            "visible": true,
            "DbgIndex": 0,
            "DbgName": "b0b0b0",
            "DbgColor": 15658734,
            "wireframe": false,
            "shading": "phong",
            "transparent": false,
            "colorDiffuse": [0.690196,0.690196,0.690196],
            "colorSpecular": [0.009961,0.009961,0.009961]
        }],
        "data": {
            "skinIndices": [],
            "faces": [42,3,2,0,0,0,1,2,0,0,0,42,1,3,0,0,3,0,2,0,0,0],
            "bones": [],
            "vertices": [-351.893,-171.571,0,351.893,-171.571,0,-351.893,171.571,0,351.893,171.571,0],
            "animations": [],
            "uvs": [[1,1,0,1,0,0,1,0]],
            "metadata": {
                "generator": "io_three",
                "faces": 2,
                "uvs": 1,
                "normals": 1,
                "bones": 0,
                "morphTargets": 0,
                "vertices": 4,
                "version": 3,
                "materials": 1
            },
            "influencesPerVertex": 2,
            "normals": [0,0,1],
            "morphTargets": [],
            "skinWeights": [],
            "name": "RightDoorGeometry"
        },
        "type": "Geometry",
        "uuid": "812352CC-7CBB-3344-AA9D-9BBE0FBAF13D"
    },{
        "materials": [{
            "specularCoef": 50,
            "depthWrite": true,
            "depthTest": true,
            "colorEmissive": [0,0,0],
            "colorAmbient": [0.690196,0.690196,0.690196],
            "opacity": 1,
            "blending": "NormalBlending",
            "visible": true,
            "DbgIndex": 0,
            "DbgName": "b0b0b0",
            "DbgColor": 15658734,
            "wireframe": false,
            "shading": "phong",
            "transparent": false,
            "colorDiffuse": [0.690196,0.690196,0.690196],
            "colorSpecular": [0.009961,0.009961,0.009961]
        }],
        "data": {
            "skinIndices": [],
            "faces": [42,8,5,7,0,0,1,2,0,1,2,42,3,5,4,0,3,4,5,3,1,4,42,8,4,5,0,0,6,7,0,4,1,42,11,6,12,0,8,9,10,5,6,7,42,6,11,7,0,11,8,12,6,5,2,42,10,14,8,0,8,0,0,8,3,0,42,7,1,0,0,3,4,5,2,8,9,42,4,8,15,0,13,0,14,4,0,10,42,14,13,15,0,0,14,14,3,11,10,42,9,10,11,0,10,8,8,9,8,5,42,13,9,12,0,14,10,10,11,9,7,42,1,7,5,0,15,16,17,8,2,1,42,12,6,4,0,10,18,19,7,6,4,42,6,0,2,0,15,16,17,6,9,11,42,11,8,7,0,8,0,2,5,0,2,42,2,3,4,0,20,3,5,11,3,4,42,11,10,8,0,8,8,0,5,8,0,42,6,7,0,0,20,3,5,6,2,9,42,8,14,15,0,0,0,14,0,3,10,42,12,9,11,0,10,10,8,7,9,5,42,15,13,12,0,14,14,10,10,11,7,42,3,1,5,0,21,15,17,3,8,1,42,15,12,4,0,14,10,19,10,7,4,42,4,6,2,0,21,15,17,4,6,11],
            "bones": [],
            "vertices": [-541.143,-1097.91,-603.536,-541.143,-1097.91,603.536,541.143,-1097.91,-603.536,541.143,-1097.91,603.536,541.143,1097.91,-603.536,541.143,1097.91,603.536,-541.143,1097.91,-603.536,-541.143,1097.91,603.536,304.966,1097.91,-135.488,-304.966,1138.67,-484.136,-304.966,1138.67,-135.488,-304.966,1097.91,-135.488,-304.966,1097.91,-484.136,304.966,1138.67,-484.136,304.966,1138.67,-135.488,304.966,1097.91,-484.136],
            "animations": [],
            "uvs": [[0.387755,0.166667,1,0.166667,1,0.833333,0,1,1,1,1,0.387755,0.387755,0,1,0.083333,0.387755,0.833333,0.243336,1,0.098917,0.833333,0.387755,1,1,0.916667,0.243336,0,0.098917,0.166667,0.166667,0,0.166667,1,0.833333,1,0,0.833333,0,0.166667,0,0.387755,0.833333,0]],
            "metadata": {
                "generator": "io_three",
                "faces": 24,
                "uvs": 1,
                "normals": 12,
                "bones": 0,
                "morphTargets": 0,
                "vertices": 16,
                "version": 3,
                "materials": 1
            },
            "influencesPerVertex": 2,
            "normals": [-0.301492,-0.904508,-0.301492,-0.577349,-0.577349,-0.577349,0.577349,-0.577349,-0.577349,-0.707083,0,-0.707083,-0.577349,-0.577349,0.577349,0.301492,-0.904508,-0.301492,0.577349,-0.577349,0.577349,0.301492,-0.904508,0.301492,0.707083,0,-0.707083,0.707083,0,0.707083,-0.301492,-0.904508,0.301492,-0.707083,0,0.707083],
            "morphTargets": [],
            "skinWeights": [],
            "name": "HallGeoGeometry"
        },
        "type": "Geometry",
        "uuid": "98017AFE-4A5E-3D98-AB17-C4C7CAB666FA"
    },{
        "materials": [{
            "specularCoef": 50,
            "depthWrite": true,
            "depthTest": true,
            "colorEmissive": [0,0,0],
            "colorAmbient": [0.690196,0.690196,0.690196],
            "opacity": 1,
            "blending": "NormalBlending",
            "visible": true,
            "DbgIndex": 0,
            "DbgName": "b0b0b0",
            "DbgColor": 15658734,
            "wireframe": false,
            "shading": "phong",
            "transparent": false,
            "colorDiffuse": [0.690196,0.690196,0.690196],
            "colorSpecular": [0.009961,0.009961,0.009961]
        }],
        "data": {
            "skinIndices": [],
            "faces": [42,3,2,0,0,0,1,2,0,0,0,42,1,3,0,0,3,0,2,0,0,0],
            "bones": [],
            "vertices": [-351.893,-171.571,-0,351.893,-171.571,0,-351.893,171.571,-0,351.893,171.571,0],
            "animations": [],
            "uvs": [[1,1,0,1,0,0,1,0]],
            "metadata": {
                "generator": "io_three",
                "faces": 2,
                "uvs": 1,
                "normals": 1,
                "bones": 0,
                "morphTargets": 0,
                "vertices": 4,
                "version": 3,
                "materials": 1
            },
            "influencesPerVertex": 2,
            "normals": [0,0,1],
            "morphTargets": [],
            "skinWeights": [],
            "name": "LeftDoorGeometry"
        },
        "type": "Geometry",
        "uuid": "4DCC3FBE-8666-320E-955D-FA56A4A2281A"
    },{
        "materials": [{
            "specularCoef": 50,
            "depthWrite": true,
            "depthTest": true,
            "colorEmissive": [0,0,0],
            "colorAmbient": [0.690196,0.690196,0.690196],
            "opacity": 1,
            "blending": "NormalBlending",
            "visible": true,
            "DbgIndex": 0,
            "DbgName": "b0b0b0",
            "DbgColor": 15658734,
            "wireframe": false,
            "shading": "phong",
            "transparent": false,
            "colorDiffuse": [0.690196,0.690196,0.690196],
            "colorSpecular": [0.009961,0.009961,0.009961]
        }],
        "data": {
            "skinIndices": [],
            "faces": [42,0,8,9,0,0,1,2,0,1,2,42,0,2,8,0,0,1,2,0,3,1,42,2,3,8,0,0,1,2,3,4,1,42,3,4,8,0,0,1,2,4,5,1,42,4,9,8,0,0,1,2,5,2,1,42,6,9,4,0,0,1,2,6,2,5,42,7,9,6,0,0,1,2,7,2,6,42,7,0,9,0,0,1,2,7,0,2,42,1,10,11,0,0,1,2,8,9,10,42,1,11,2,0,0,1,2,8,10,3,42,11,3,2,0,0,1,2,10,4,3,42,11,5,3,0,0,1,2,10,11,4,42,11,10,5,0,0,1,2,10,9,11,42,10,6,5,0,0,1,2,9,6,11,42,10,7,6,0,0,1,2,9,7,6,42,10,1,7,0,0,1,2,9,8,7,42,0,7,1,0,0,1,2,0,7,8,42,0,1,2,0,0,1,2,0,8,3,42,3,5,4,0,0,1,2,4,11,5,42,5,6,4,0,0,1,2,11,6,5],
            "bones": [],
            "vertices": [-40.1501,-60.7405,9.50747,-40.1501,-22.1365,-57.3565,23.0349,-60.3814,-34.8612,72.6632,-9.16063,-5.28889,40.1501,22.1365,57.3565,40.1501,60.7405,-9.50747,-23.0349,60.3814,34.8612,-72.6632,9.16063,5.28889,29.5723,-52.7209,41.687,-29.5723,-9.74157,66.5012,-29.5723,52.7209,-41.687,29.5723,9.74157,-66.5012],
            "animations": [],
            "uvs": [[0.5,0,1,1,0,1]],
            "metadata": {
                "generator": "io_three",
                "faces": 20,
                "uvs": 1,
                "normals": 12,
                "bones": 0,
                "morphTargets": 0,
                "vertices": 12,